fixed acidity,volatile acidity,citric acid,residual sugar,chlorides,free sulfur dioxide,total sulfur dioxide,density,pH,sulphates,alcohol,predicted_quality,prediction_confidence
7.0,0.4,0.3,2.0,0.05,20.0,50.0,0.995,3.4,0.6,12.0,6.033333333333333,0.5662743941954392
6.5,0.3,0.4,1.5,0.04,15.0,40.0,0.994,3.3,0.7,11.5,6.3966666666666665,0.6102428960235743
7.2,0.5,0.2,2.5,0.06,25.0,60.0,0.996,3.5,0.65,11.0,5.866666666666666,0.5457053875844059
