{
  "training": {
    "mse": 0.04921278871869681,
    "rmse": 0.2218395562533806,
    "mae": 0.16189642596644782,
    "r2": 0.9267570142016482
  },
  "test": {
    "mse": 0.2807570111596313,
    "rmse": 0.529865087696511,
    "mae": 0.403901018922853,
    "r2": 0.49547054957774594,
    "accuracy_0_5": 0.7030567685589519,
    "accuracy_1_0": 0.9475982532751092,
    "predictions": [
      5.326666666666667,
      5.683333333333334,
      5.37,
      5.203333333333333,
      6.016666666666667,
      6.543333333333333,
      5.15,
      5.123333333333333,
      5.52,
      5.09,
      6.6866666666666665,
      6.366666666666666,
      5.693333333333333,
      6.02,
      5.296666666666667,
      5.123333333333333,
      5.553333333333334,
      5.403333333333333,
      5.14,
      6.543333333333333,
      6.476666666666667,
      5.736666666666666,
      5.13,
      6.706666666666667,
      5.3533333333333335,
      5.256666666666667,
      6.286666666666667,
      6.076666666666667,
      5.243333333333333,
      5.86,
      5.47,
      5.526666666666666,
      6.473333333333334,
      5.696666666666666,
      5.333333333333333,
      5.226666666666667,
      5.64,
      6.34,
      6.6,
      5.653333333333333,
      6.56,
      5.53,
      6.303333333333334,
      5.306666666666667,
      5.093333333333334,
      5.053333333333334,
      5.36,
      5.866666666666666,
      4.99,
      5.91,
      6.656666666666666,
      5.37,
      5.446666666666666,
      6.566666666666666,
      5.416666666666667,
      6.39,
      5.576666666666667,
      6.026666666666666,
      5.963333333333333,
      5.076666666666667,
      5.123333333333333,
      5.933333333333334,
      5.97,
      6.546666666666667,
      6.486666666666666,
      5.61,
      6.443333333333333,
      5.16,
      5.21,
      5.43,
      6.49,
      5.473333333333334,
      5.493333333333333,
      5.766666666666667,
      5.25,
      5.14,
      5.48,
      5.8966666666666665,
      5.28,
      5.673333333333333,
      5.466666666666667,
      5.84,
      5.523333333333333,
      5.36,
      5.23,
      6.166666666666667,
      5.16,
      5.456666666666667,
      5.996666666666667,
      5.826666666666667,
      4.666666666666667,
      5.786666666666667,
      5.123333333333333,
      5.136666666666667,
      5.003333333333333,
      5.203333333333333,
      5.413333333333333,
      6.303333333333334,
      5.84,
      5.516666666666667,
      5.863333333333333,
      6.233333333333333,
      5.32,
      5.886666666666667,
      5.166666666666667,
      5.226666666666667,
      6.1,
      6.333333333333333,
      5.776666666666666,
      6.72,
      6.683333333333334,
      5.1,
      5.033333333333333,
      6.083333333333333,
      5.086666666666667,
      5.493333333333333,
      5.6033333333333335,
      6.316666666666666,
      5.59,
      5.193333333333333,
      5.193333333333333,
      5.136666666666667,
      5.12,
      5.75,
      5.24,
      5.763333333333334,
      5.573333333333333,
      5.826666666666667,
      5.123333333333333,
      6.046666666666667,
      5.026666666666666,
      5.053333333333334,
      6.683333333333334,
      5.6066666666666665,
      6.466666666666667,
      4.976666666666667,
      5.0,
      5.383333333333334,
      5.416666666666667,
      5.986666666666666,
      6.753333333333333,
      5.31,
      5.326666666666667,
      5.05,
      6.43,
      5.366666666666666,
      5.09,
      5.41,
      5.036666666666667,
      5.13,
      6.483333333333333,
      5.29,
      6.24,
      5.273333333333333,
      6.026666666666666,
      5.276666666666666,
      5.41,
      5.32,
      6.626666666666667,
      5.916666666666667,
      5.19,
      5.176666666666667,
      5.866666666666666,
      5.716666666666667,
      6.44,
      5.05,
      6.02,
      5.923333333333333,
      5.706666666666667,
      5.036666666666667,
      6.203333333333333,
      5.586666666666667,
      5.6,
      5.333333333333333,
      5.29,
      5.11,
      6.53,
      5.923333333333333,
      5.876666666666667,
      5.3566666666666665,
      6.3533333333333335,
      5.443333333333333,
      5.773333333333333,
      5.326666666666667,
      5.08,
      5.1033333333333335,
      6.426666666666667,
      5.16,
      6.036666666666667,
      5.82,
      5.956666666666667,
      6.03,
      6.796666666666667,
      5.426666666666667,
      5.943333333333333,
      5.963333333333333,
      5.1866666666666665,
      6.306666666666667,
      6.903333333333333,
      5.993333333333333,
      5.593333333333334,
      5.873333333333333,
      5.203333333333333,
      5.423333333333333,
      6.62,
      6.483333333333333,
      5.203333333333333,
      5.306666666666667,
      6.39,
      6.203333333333333,
      5.223333333333334,
      6.306666666666667,
      5.2,
      5.97,
      5.15,
      5.653333333333333,
      5.996666666666667,
      5.156666666666666,
      6.59,
      5.593333333333334,
      5.54,
      5.553333333333334,
      5.1033333333333335,
      5.273333333333333,
      5.163333333333333,
      6.28,
      5.513333333333334,
      5.8,
      6.036666666666667
    ],
    "actual": [
      5,
      6,
      5,
      6,
      6,
      8,
      5,
      5,
      6,
      5,
      7,
      6,
      6,
      6,
      5,
      6,
      5,
      5,
      5,
      6,
      6,
      6,
      5,
      7,
      6,
      5,
      7,
      6,
      5,
      6,
      6,
      6,
      6,
      5,
      6,
      5,
      6,
      7,
      6,
      5,
      7,
      5,
      6,
      5,
      4,
      5,
      6,
      6,
      5,
      6,
      7,
      5,
      6,
      7,
      5,
      7,
      6,
      4,
      6,
      5,
      5,
      6,
      5,
      6,
      6,
      6,
      6,
      5,
      5,
      5,
      6,
      5,
      6,
      6,
      5,
      5,
      5,
      5,
      5,
      6,
      5,
      6,
      5,
      6,
      6,
      6,
      6,
      5,
      6,
      6,
      5,
      5,
      6,
      5,
      5,
      5,
      6,
      7,
      6,
      6,
      7,
      6,
      5,
      6,
      5,
      5,
      6,
      7,
      6,
      7,
      7,
      5,
      5,
      5,
      6,
      5,
      5,
      8,
      6,
      5,
      5,
      5,
      5,
      6,
      5,
      6,
      6,
      6,
      6,
      6,
      5,
      5,
      7,
      6,
      5,
      5,
      5,
      6,
      5,
      6,
      7,
      6,
      6,
      5,
      7,
      5,
      5,
      5,
      5,
      5,
      7,
      6,
      6,
      5,
      6,
      6,
      5,
      5,
      7,
      5,
      5,
      5,
      6,
      5,
      7,
      5,
      6,
      4,
      6,
      5,
      6,
      5,
      5,
      6,
      5,
      5,
      7,
      5,
      6,
      6,
      6,
      5,
      6,
      6,
      5,
      4,
      6,
      5,
      6,
      4,
      6,
      6,
      7,
      6,
      5,
      6,
      5,
      7,
      7,
      6,
      6,
      6,
      5,
      5,
      7,
      7,
      5,
      5,
      6,
      6,
      5,
      6,
      6,
      6,
      5,
      6,
      7,
      5,
      6,
      6,
      6,
      5,
      5,
      5,
      4,
      6,
      5,
      6,
      6
    ]
  },
  "model_info": {
    "file": "wine_model.pkl",
    "timestamp": "2025-12-10T06:57:06.095551"
  }
}